{
    "layer1": {
        "size_in": "5",
        "size_out": "4",
        "weights": {
            "1": {
                "1": "0.5",
                "2": "0.2",
                "4": "0.1"
            },
            "2": {
                "1": "0.2",
                "2": "-0.5",
                "3": "0.2",
                "4": "0.8"
            },
            "3": {
                "2": "-0.1",
                "4": "0.3"
            },
            "4": {
                "2": "0.9",
                "3": "0.1"
            },
            "5": {
                "1": "-0.2",
                "2": "-0.8",
                "3": "-0.1",
                "4": "-0.7"
            }
        }
    },
    "layer2": {
        "size_in": "4",
        "size_out": "2",
        "weights": {
            "1": {
                "1": "0.5",
                "2": "0.2"
            },
            "2": {
                "1": "0.2",
                "2": "-0.5"
            },
            "3": {
                "1": "-0.1",
                "2": "0.3"
            },
            "4": {
                "1": "0.9",
                "2": "0.1"
            }
        }
    }
}